{
    "images": [
        {
            "idiom": "universal",
            "size": "20x201x.png",
            "scale": "1x",
            "filename": "Icon-App-20x20@1x.png"
        },
        {
            "idiom": "universal",
            "size": "20x202x.png",
            "scale": "2x",
            "filename": "Icon-App-20x20@2x.png"
        },
        {
            "idiom": "universal",
            "size": "20x203x.png",
            "scale": "3x",
            "filename": "Icon-App-20x20@3x.png"
        },
        {
            "idiom": "iphone",
            "size": "29x291x.png",
            "scale": "1x",
            "filename": "Icon-App-29x29@1x.png"
        },
        {
            "idiom": "iphone",
            "size": "29x292x.png",
            "scale": "2x",
            "filename": "Icon-App-29x29@2x.png"
        },
        {
            "idiom": "iphone",
            "size": "29x293x.png",
            "scale": "3x",
            "filename": "Icon-App-29x29@3x.png"
        },
        {
            "idiom": "iphone",
            "size": "40x401x.png",
            "scale": "1x",
            "filename": "Icon-App-40x40@1x.png"
        },
        {
            "idiom": "iphone",
            "size": "40x402x.png",
            "scale": "2x",
            "filename": "Icon-App-40x40@2x.png"
        },
        {
            "idiom": "iphone",
            "size": "40x403x.png",
            "scale": "3x",
            "filename": "Icon-App-40x40@3x.png"
        },
        {
            "idiom": "iphone",
            "size": "60x602x.png",
            "scale": "2x",
            "filename": "Icon-App-60x60@2x.png"
        },
        {
            "idiom": "iphone",
            "size": "60x603x.png",
            "scale": "3x",
            "filename": "Icon-App-60x60@3x.png"
        },
        {
            "idiom": "ipad",
            "size": "76x761x.png",
            "scale": "1x",
            "filename": "Icon-App-76x76@1x.png"
        },
        {
            "idiom": "ipad",
            "size": "76x762x.png",
            "scale": "2x",
            "filename": "Icon-App-76x76@2x.png"
        },
        {
            "idiom": "ipad",
            "size": "83.5x83.52x.png",
            "scale": "2x",
            "filename": "Icon-App-83.5x83.5@2x.png"
        },
        {
            "idiom": "ios-marketing",
            "size": "1024x10241x.png",
            "scale": "1x",
            "filename": "Icon-App-1024x1024@1x.png"
        }
    ],
    "info": {
        "version": 1,
        "author": "xcode"
    }
}